make,model,bodyType,numberOfTrimlines,image,referenceVehicle,offerings,states,hasUsed,hasWltp
Peugeot,208,Berline à hayon,1,{'options': {'isStretched': False}},"{'duration': 48, 'mileage': 15000, 'originalPrice': 229, 'originalPriceIncVat': 229, 'discountedPrice': 229, 'discountedPriceIncVat': 229, 'defaultWithVat': True, 'isCommercial': False, 'currency': 'EUR', 'stock': 0, 'offerings': ['Meilleures offres'], 'image': {'options': {'isStretched': False}}, 'source': 'Tentacle', 'colors': [{'title': 'Jaune Agueda', 'carColorCombinationId': 'pspc0076', 'hexCode': 'b6ce65', 'baseColor': 'vert'}, {'title': 'Noir Perla Nera', 'carColorCombinationId': 'pspc0004', 'hexCode': '545453', 'baseColor': 'noir'}, {'title': 'Blanc Banquise', 'carColorCombinationId': 'pspc0041', 'hexCode': 'f7f7f7', 'baseColor': 'gris'}, {'title': 'Bleu Vertigo', 'carColorCombinationId': 'pspc0188', 'hexCode': '648bbf', 'baseColor': 'bleu'}, {'title': 'Rouge Elixir', 'carColorCombinationId': 'pspc0038', 'hexCode': 'ed645d', 'baseColor': 'rouge'}, {'title': 'Gris Selenium', 'carColorCombinationId': 'pspc0248', 'hexCode': 'a8acb4', 'baseColor': 'gris'}], 'year': 0, 'carReservationEnabled': False, 'numberOfDoors': 5, 'energyLabelLocal': 'B', 'fuelTypeLocal': 'Essence', 'fuelTypeOriginal': 'Petrol', 'transmissionType': 'Manuelle', 'transmissionTypeOriginal': 'Manual', 'drivenMileage': 0, 'bodyType': 'Berline à hayon', 'bodyTypeOriginal': 'Hatchback', 'ranking': 1, 'videos': [], 'imaginKey': '?make=peugeot&modelFamily=208&modelRange=208&modelVariant=ha&modelYear=2024&powerTrain=electric&transmission=0&bodySize=5&trim=active', 'totalLeasePriceExcVat': 13992, 'totalLeasePriceIncVat': 13992, 'isUsed': False, 'vehicleType': 'PreConfigured', 'power': '100.0', 'state': 'New', 'vehicleSource': 'Default', 'co2': 118, 'isRemarketing': False, 'id': '162011', 'make': 'Peugeot', 'model': '208', 'trimline': '1.2 Puretech 100ch Allure', 'isConfigurable': False, 'segments': ['Business'], 'isCategory': False, 'categoryVehicleImages': []}","[{'offering': 'Meilleures offres', 'count': 1}]","[{'state': 'New', 'count': 1}]",False,True
Peugeot,2008,SUV,1,{'options': {'isStretched': False}},"{'duration': 48, 'mileage': 15000, 'originalPrice': 319, 'originalPriceIncVat': 319, 'discountedPrice': 319, 'discountedPriceIncVat': 319, 'defaultWithVat': True, 'isCommercial': False, 'currency': 'EUR', 'stock': 0, 'offerings': ['Meilleures offres'], 'image': {'options': {'isStretched': False}}, 'source': 'Tentacle', 'colors': [{'title': 'Gris Selenium', 'carColorCombinationId': 'pspc0248', 'hexCode': 'a8acb4', 'baseColor': 'gris'}, {'title': 'Noir Perla Nera', 'carColorCombinationId': 'pspc0004', 'hexCode': '545453', 'baseColor': 'noir'}, {'title': 'Gris Artense', 'carColorCombinationId': 'pspc0196', 'hexCode': 'd6d7db', 'baseColor': 'argent'}, {'title': 'Blanc Okénite', 'carColorCombinationId': 'pspc0100', 'hexCode': 'f7f7f7', 'baseColor': 'blanc'}, {'title': 'Rouge Elixir', 'carColorCombinationId': 'pspc0091', 'hexCode': 'e0666e', 'baseColor': 'rouge'}, {'title': 'Bleu Vertigo', 'carColorCombinationId': 'pspc0188', 'hexCode': '648bbf', 'baseColor': 'bleu'}], 'year': 0, 'carReservationEnabled': False, 'numberOfDoors': 5, 'energyLabelLocal': 'B', 'fuelTypeLocal': 'Essence', 'fuelTypeOriginal': 'Petrol', 'transmissionType': 'Automatique', 'transmissionTypeOriginal': 'Automatic', 'drivenMileage': 0, 'bodyType': 'SUV', 'bodyTypeOriginal': 'SUV', 'ranking': 2, 'videos': [], 'imaginKey': '?make=peugeot&modelFamily=2008&modelRange=2008&modelVariant=od&modelYear=2024&powerTrain=electric&transmission=0&bodySize=5&trim=active', 'totalLeasePriceExcVat': 18312, 'totalLeasePriceIncVat': 18312, 'isUsed': False, 'vehicleType': 'PreConfigured', 'power': '136.0', 'state': 'New', 'vehicleSource': 'Default', 'co2': 110, 'isRemarketing': False, 'id': '162076', 'make': 'Peugeot', 'model': '2008', 'trimline': '1.2 Hybrid 136ch Allure e-DCS6', 'isConfigurable': False, 'segments': ['Business'], 'isCategory': False, 'categoryVehicleImages': []}","[{'offering': 'Meilleures offres', 'count': 1}]","[{'state': 'New', 'count': 1}]",False,True
Peugeot,308,Berline à hayon,1,{'options': {'isStretched': False}},"{'duration': 48, 'mileage': 15000, 'originalPrice': 319, 'originalPriceIncVat': 319, 'discountedPrice': 319, 'discountedPriceIncVat': 319, 'defaultWithVat': True, 'isCommercial': False, 'currency': 'EUR', 'stock': 0, 'offerings': ['Meilleures offres'], 'image': {'options': {'isStretched': False}}, 'source': 'Tentacle', 'colors': [{'title': 'Noir Perla Nera', 'carColorCombinationId': 'pspc0004', 'hexCode': '545453', 'baseColor': 'noir'}, {'title': 'Bleu obsession', 'carColorCombinationId': 'pspc0232', 'hexCode': '6198ba', 'baseColor': 'bleu'}, {'title': 'Blanc Okénite', 'carColorCombinationId': 'pspc0101', 'hexCode': 'f7f7f7', 'baseColor': 'blanc'}, {'title': 'Gris Selenium', 'carColorCombinationId': 'pspc0248', 'hexCode': 'a8acb4', 'baseColor': 'gris'}, {'title': 'Rouge Elixir', 'carColorCombinationId': 'pspc0091sspc0004', 'hexCode': 'e0666e', 'baseColor': 'rouge'}], 'year': 0, 'carReservationEnabled': False, 'numberOfDoors': 5, 'energyLabelLocal': 'B', 'fuelTypeLocal': 'Essence', 'fuelTypeOriginal': 'Petrol', 'transmissionType': 'Automatique', 'transmissionTypeOriginal': 'Automatic', 'drivenMileage': 0, 'bodyType': 'Berline à hayon', 'bodyTypeOriginal': 'Hatchback', 'ranking': 3, 'videos': [], 'imaginKey': '?make=peugeot&modelFamily=308&modelRange=308&modelVariant=ha&modelYear=2023&powerTrain=electric&transmission=0&bodySize=5&trim=allure', 'totalLeasePriceExcVat': 18312, 'totalLeasePriceIncVat': 18312, 'isUsed': False, 'vehicleType': 'PreConfigured', 'power': '136.0', 'state': 'New', 'vehicleSource': 'Default', 'co2': 106, 'isRemarketing': False, 'id': '161387', 'make': 'Peugeot', 'model': '308', 'trimline': '1.2 Hybrid 136ch Allure e-DCS6', 'isConfigurable': False, 'segments': ['Business'], 'isCategory': False, 'categoryVehicleImages': []}","[{'offering': 'Meilleures offres', 'count': 1}]","[{'state': 'New', 'count': 1}]",False,True
Nissan,Juke,SUV,1,{'options': {'isStretched': False}},"{'duration': 48, 'mileage': 15000, 'originalPrice': 329, 'originalPriceIncVat': 329, 'discountedPrice': 329, 'discountedPriceIncVat': 329, 'defaultWithVat': True, 'isCommercial': False, 'currency': 'EUR', 'stock': 0, 'offerings': ['Meilleures offres'], 'image': {'options': {'isStretched': False}}, 'source': 'Tentacle', 'colors': [{'title': 'Noir Kuro', 'carColorCombinationId': 'pspc0004', 'hexCode': '545453', 'baseColor': 'noir'}, {'title': 'Jaune Tonic', 'carColorCombinationId': 'pspc0220', 'hexCode': 'e3d374', 'baseColor': 'jaune'}, {'title': 'Gris Perle', 'carColorCombinationId': 'pspc0000', 'hexCode': 'e3e1dc', 'baseColor': 'beige'}, {'title': 'Gris Squale', 'carColorCombinationId': 'pspc0244', 'hexCode': '6b6c6a', 'baseColor': 'noir'}, {'title': 'Rouge Fugi', 'carColorCombinationId': 'pspc0213sspc0320', 'hexCode': 'd7745b', 'baseColor': 'orange'}, {'title': 'Blanc Nacré', 'carColorCombinationId': 'pspc0100sspc0041', 'hexCode': 'f7f7f7', 'baseColor': 'blanc'}], 'year': 0, 'carReservationEnabled': False, 'numberOfDoors': 5, 'energyLabelLocal': 'B', 'fuelTypeLocal': 'Hybride Essence', 'fuelTypeOriginal': 'HybridPetrol', 'transmissionType': 'Automatique', 'transmissionTypeOriginal': 'Automatic', 'drivenMileage': 0, 'bodyType': 'SUV', 'bodyTypeOriginal': 'SUV', 'engineDisplacement': 1598, 'ranking': 4, 'videos': [], 'imaginKey': '?make=nissan&modelFamily=juke&modelRange=juke&modelVariant=od&modelYear=2022&powerTrain=hybrid&transmission=0&bodySize=5&trim=acenta', 'totalLeasePriceExcVat': 18792, 'totalLeasePriceIncVat': 18792, 'isUsed': False, 'vehicleType': 'PreConfigured', 'motorPower': '143.00', 'state': 'New', 'vehicleSource': 'Default', 'co2': 107, 'isRemarketing': False, 'id': '159436', 'make': 'Nissan', 'model': 'Juke', 'trimline': 'Business Edition Hybrid 143 HEV', 'isConfigurable': False, 'segments': ['Business'], 'isCategory': False, 'categoryVehicleImages': []}","[{'offering': 'Meilleures offres', 'count': 1}]","[{'state': 'New', 'count': 1}]",False,True
Nissan,Qashqai,SUV,1,{'options': {'isStretched': False}},"{'duration': 48, 'mileage': 15000, 'originalPrice': 349, 'originalPriceIncVat': 349, 'discountedPrice': 349, 'discountedPriceIncVat': 349, 'defaultWithVat': True, 'isCommercial': False, 'currency': 'EUR', 'stock': 0, 'offerings': ['Meilleures offres'], 'image': {'options': {'isStretched': False}}, 'source': 'Tentacle', 'colors': [{'title': 'Rouge Fusion', 'carColorCombinationId': 'pspc0058', 'hexCode': 'e8695c', 'baseColor': 'rouge'}, {'title': 'Gris Squale', 'carColorCombinationId': 'pspc0301sspc0004', 'hexCode': '92928d', 'baseColor': 'gris'}, {'title': 'Blanc Nacré', 'carColorCombinationId': 'pspc0100sspc0041', 'hexCode': 'f7f7f7', 'baseColor': 'blanc'}, {'title': 'Bleu Magnetic', 'carColorCombinationId': 'pspc0047sspc0004', 'hexCode': '7fa3da', 'baseColor': 'bleu'}, {'title': 'Vert Cayuga', 'carColorCombinationId': 'pspc0267sspc0004', 'hexCode': '4d6b76', 'baseColor': 'bleu'}, {'title': 'Noir Kuro', 'carColorCombinationId': 'pspc0004', 'hexCode': '545453', 'baseColor': 'noir'}], 'year': 0, 'carReservationEnabled': False, 'numberOfDoors': 5, 'energyLabelLocal': 'B', 'fuelTypeLocal': 'Hybride Essence', 'fuelTypeOriginal': 'HybridPetrol', 'transmissionType': 'Automatique', 'transmissionTypeOriginal': 'Automatic', 'drivenMileage': 0, 'bodyType': 'SUV', 'bodyTypeOriginal': 'SUV', 'engineDisplacement': 1497, 'ranking': 5, 'videos': [], 'imaginKey': '?make=nissan&modelFamily=qashqai&modelRange=qashqai&modelVariant=od&modelYear=2025&powerTrain=petrol&transmission=0&bodySize=5&trim=eu', 'totalLeasePriceExcVat': 19752, 'totalLeasePriceIncVat': 19752, 'isUsed': False, 'vehicleType': 'PreConfigured', 'motorPower': '190.00', 'state': 'New', 'vehicleSource': 'Default', 'co2': 116, 'isRemarketing': False, 'id': '168925', 'make': 'Nissan', 'model': 'Qashqai', 'trimline': 'e-POWER 190ch Acenta', 'isConfigurable': False, 'segments': ['Business'], 'isCategory': False, 'categoryVehicleImages': []}","[{'offering': 'Meilleures offres', 'count': 1}]","[{'state': 'New', 'count': 1}]",False,True
Peugeot,3008,SUV,1,{'options': {'isStretched': False}},"{'duration': 48, 'mileage': 15000, 'originalPrice': 359, 'originalPriceIncVat': 359, 'discountedPrice': 359, 'discountedPriceIncVat': 359, 'defaultWithVat': True, 'isCommercial': False, 'currency': 'EUR', 'stock': 0, 'offerings': ['Meilleures offres'], 'image': {'options': {'isStretched': False}}, 'source': 'Tentacle', 'colors': [{'title': 'Bleu Ingaro', 'carColorCombinationId': 'pspc0066', 'hexCode': '8b9ebd', 'baseColor': 'noir'}, {'title': 'Gris Artense', 'carColorCombinationId': 'pspc0196', 'hexCode': 'd6d7db', 'baseColor': 'argent'}, {'title': 'Noir Perla Nera', 'carColorCombinationId': 'pspc0004', 'hexCode': '545453', 'baseColor': 'bleu'}, {'title': 'Blanc Okénite', 'carColorCombinationId': 'pspc0041', 'hexCode': 'f7f7f7', 'baseColor': 'gris'}, {'title': 'Bleu Obsession', 'carColorCombinationId': 'pspc0232', 'hexCode': '6198ba', 'baseColor': 'bleu'}, {'title': 'Gris Titane', 'carColorCombinationId': 'pspc0027', 'hexCode': 'a0a3ad', 'baseColor': 'bleu'}], 'year': 0, 'carReservationEnabled': False, 'numberOfDoors': 5, 'energyLabelLocal': 'C', 'fuelTypeLocal': 'Essence', 'fuelTypeOriginal': 'Petrol', 'transmissionType': 'Automatique', 'transmissionTypeOriginal': 'Automatic', 'drivenMileage': 0, 'bodyType': 'SUV', 'bodyTypeOriginal': 'SUV', 'ranking': 6, 'videos': [], 'imaginKey': '?make=peugeot&modelFamily=3008&modelRange=3008&modelVariant=od&modelYear=2024&powerTrain=electric&transmission=0&bodySize=5&trim=eu', 'totalLeasePriceExcVat': 20232, 'totalLeasePriceIncVat': 20232, 'isUsed': False, 'vehicleType': 'PreConfigured', 'power': '136.0', 'state': 'New', 'vehicleSource': 'Cloned', 'co2': 123, 'isRemarketing': False, 'id': '162078', 'make': 'Peugeot', 'model': '3008', 'trimline': '1.2 Hybrid 136ch GT e-DCS6', 'isConfigurable': False, 'segments': ['Business'], 'isCategory': False, 'categoryVehicleImages': []}","[{'offering': 'Meilleures offres', 'count': 1}]","[{'state': 'New', 'count': 1}]",False,True
Nissan,X-Trail,SUV,1,{'options': {'isStretched': False}},"{'duration': 48, 'mileage': 15000, 'originalPrice': 359, 'originalPriceIncVat': 359, 'discountedPrice': 359, 'discountedPriceIncVat': 359, 'defaultWithVat': True, 'isCommercial': False, 'currency': 'EUR', 'stock': 0, 'offerings': ['Meilleures offres'], 'image': {'options': {'isStretched': False}}, 'source': 'Tentacle', 'colors': [{'title': 'Noir Intense', 'carColorCombinationId': 'pspc0004', 'hexCode': '545453', 'baseColor': 'noir'}, {'title': 'Gris Squale', 'carColorCombinationId': 'pspc0120', 'hexCode': '9e9c99', 'baseColor': 'gris'}, {'title': 'Gris Argile', 'carColorCombinationId': 'pspc0173', 'hexCode': 'd5d6df', 'baseColor': 'argent'}, {'title': 'Rouge Fusion', 'carColorCombinationId': 'pspc0058', 'hexCode': 'e8695c', 'baseColor': 'rouge'}, {'title': 'Blanc Lunaire', 'carColorCombinationId': 'pspc0061sspc0004', 'hexCode': 'f4f5f7', 'baseColor': 'blanc'}], 'year': 0, 'carReservationEnabled': False, 'numberOfDoors': 5, 'energyLabelLocal': 'C', 'fuelTypeLocal': 'Hybride Essence', 'fuelTypeOriginal': 'HybridPetrol', 'transmissionType': 'Automatique', 'transmissionTypeOriginal': 'Automatic', 'drivenMileage': 0, 'bodyType': 'SUV', 'bodyTypeOriginal': 'SUV', 'engineDisplacement': 1497, 'ranking': 7, 'videos': [], 'imaginKey': '?make=nissan&modelFamily=x-trail&modelRange=x-trail&modelVariant=od&modelYear=2022&powerTrain=hybrid&transmission=0&bodySize=5&trim=n-connecta', 'totalLeasePriceExcVat': 20232, 'totalLeasePriceIncVat': 20232, 'isUsed': False, 'vehicleType': 'PreConfigured', 'motorPower': '204.00', 'state': 'New', 'vehicleSource': 'Default', 'co2': 130, 'isRemarketing': False, 'id': '160194', 'make': 'Nissan', 'model': 'X-Trail', 'trimline': 'e-Power 204ch Acenta', 'isConfigurable': False, 'segments': ['Business'], 'isCategory': False, 'categoryVehicleImages': []}","[{'offering': 'Meilleures offres', 'count': 1}]","[{'state': 'New', 'count': 1}]",False,True
Suzuki,Swift,Berline à hayon,1,{'options': {'isStretched': False}},"{'duration': 48, 'mileage': 15000, 'originalPrice': 199, 'originalPriceIncVat': 199, 'discountedPrice': 199, 'discountedPriceIncVat': 199, 'defaultWithVat': True, 'isCommercial': False, 'currency': 'EUR', 'stock': 0, 'offerings': ['Meilleures offres'], 'image': {'options': {'isStretched': False}}, 'source': 'Tentacle', 'colors': [{'title': 'burning red pearl', 'carColorCombinationId': 'pspc0091sspc0091', 'hexCode': 'e0666e', 'baseColor': 'rouge'}, {'title': 'frontier blue pearl metallic', 'carColorCombinationId': 'pspc0047sspc0004', 'hexCode': '7fa3da', 'baseColor': 'bleu'}, {'title': 'metallicplus pluscoolplusyellow', 'carColorCombinationId': 'pspc0046', 'hexCode': 'dadf95', 'baseColor': 'vert'}, {'title': 'metallic premium silver', 'carColorCombinationId': 'pspc0078', 'hexCode': 'b0b3b7', 'baseColor': 'gris'}], 'year': 0, 'carReservationEnabled': False, 'numberOfDoors': 5, 'energyLabelLocal': 'A', 'fuelTypeLocal': 'MildHybrid', 'fuelTypeOriginal': 'MildHybrid', 'transmissionType': 'Manuelle', 'transmissionTypeOriginal': 'Manual', 'drivenMileage': 0, 'bodyType': 'Berline à hayon', 'bodyTypeOriginal': 'Hatchback', 'videos': [], 'imaginKey': '?make=suzuki&modelFamily=swift&modelRange=swift&modelVariant=ha&modelYear=2024&powerTrain=hybrid&transmission=0&bodySize=5&trim=eu', 'totalLeasePriceExcVat': 12552, 'totalLeasePriceIncVat': 12552, 'isUsed': False, 'vehicleType': 'PreConfigured', 'power': '83.0', 'state': 'New', 'vehicleSource': 'Default', 'co2': 99, 'isRemarketing': False, 'id': '161397', 'make': 'Suzuki', 'model': 'Swift', 'trimline': '1.2 Hybrid 83ch Privilège', 'isConfigurable': False, 'segments': ['Business'], 'isCategory': False, 'categoryVehicleImages': []}","[{'offering': 'Meilleures offres', 'count': 1}]","[{'state': 'New', 'count': 1}]",False,True
Renault,Clio,Berline à hayon,2,{'options': {'isStretched': False}},"{'duration': 48, 'mileage': 15000, 'originalPrice': 219, 'originalPriceIncVat': 219, 'discountedPrice': 219, 'discountedPriceIncVat': 219, 'defaultWithVat': False, 'isCommercial': True, 'currency': 'EUR', 'stock': 0, 'offerings': ['Offres spéciales VU'], 'image': {'options': {'isStretched': False}}, 'source': 'Tentacle', 'colors': [{'title': 'Blanc Glacier', 'carColorCombinationId': 'pspc0099sspc0096', 'hexCode': 'f7f6f6', 'baseColor': 'argent'}], 'year': 0, 'carReservationEnabled': False, 'numberOfDoors': 5, 'energyLabelLocal': 'B', 'fuelTypeLocal': 'Essence', 'fuelTypeOriginal': 'Petrol', 'transmissionType': 'Manuelle', 'transmissionTypeOriginal': 'Manual', 'drivenMileage': 0, 'bodyType': 'Berline à hayon', 'bodyTypeOriginal': 'Hatchback', 'videos': [], 'totalLeasePriceExcVat': 13512, 'totalLeasePriceIncVat': 13512, 'isUsed': False, 'vehicleType': 'Configurable', 'power': '90.0', 'state': 'New', 'vehicleSource': 'Default', 'co2': 118, 'isRemarketing': False, 'id': '163287', 'make': 'Renault', 'model': 'Clio', 'trimline': '1.0 TCe 90ch Evolution Réversible', 'isConfigurable': True, 'segments': ['Business'], 'isCategory': False, 'categoryVehicleImages': []}","[{'offering': 'Meilleures offres', 'count': 1}, {'offering': 'Offres spéciales VU', 'count': 1}]","[{'state': 'New', 'count': 2}]",False,True
Toyota,Proace City,Fourgon,1,{'options': {'isStretched': False}},"{'duration': 48, 'mileage': 15000, 'originalPrice': 219, 'originalPriceIncVat': 219, 'discountedPrice': 219, 'discountedPriceIncVat': 219, 'defaultWithVat': False, 'isCommercial': True, 'currency': 'EUR', 'stock': 0, 'offerings': ['Offres spéciales VU'], 'image': {'options': {'isStretched': False}}, 'source': 'Tentacle', 'colors': [{'title': 'Blanc', 'carColorCombinationId': 'pspc0061', 'hexCode': 'f4f5f7', 'baseColor': 'blanc'}, {'title': 'Gris', 'carColorCombinationId': 'pspc0042sspc0004', 'hexCode': 'f7f7f7', 'baseColor': 'argent'}], 'year': 0, 'carReservationEnabled': False, 'numberOfDoors': 5, 'energyLabelLocal': 'D', 'fuelTypeLocal': 'Essence', 'fuelTypeOriginal': 'Petrol', 'transmissionType': 'Manuelle', 'transmissionTypeOriginal': 'Manual', 'drivenMileage': 0, 'bodyType': 'Fourgon', 'bodyTypeOriginal': 'Van', 'videos': [], 'totalLeasePriceExcVat': 13512, 'totalLeasePriceIncVat': 13512, 'isUsed': False, 'vehicleType': 'Configurable', 'power': '110.0', 'state': 'New', 'vehicleSource': 'Default', 'co2': 194, 'isRemarketing': False, 'id': '163581', 'make': 'Toyota', 'model': 'Proace City', 'trimline': 'Medium 110 VVT-i Start MC24', 'isConfigurable': True, 'segments': ['Business'], 'isCategory': False, 'categoryVehicleImages': []}","[{'offering': 'Offres spéciales VU', 'count': 1}]","[{'state': 'New', 'count': 1}]",False,True
Ford,Transit Courier,Fourgon,1,{'options': {'isStretched': False}},"{'duration': 48, 'mileage': 15000, 'originalPrice': 229, 'originalPriceIncVat': 229, 'discountedPrice': 229, 'discountedPriceIncVat': 229, 'defaultWithVat': False, 'isCommercial': True, 'currency': 'EUR', 'stock': 0, 'offerings': ['Offres spéciales VU'], 'image': {'options': {'isStretched': False}}, 'source': 'Tentacle', 'colors': [{'title': 'Gris Cactus', 'carColorCombinationId': 'pspc0349', 'hexCode': 'a4bab4', 'baseColor': 'vert'}, {'title': 'Noir Agate', 'carColorCombinationId': 'pspc0078', 'hexCode': 'b0b3b7', 'baseColor': 'gris'}, {'title': 'Blanc Glacier', 'carColorCombinationId': 'pspc0101', 'hexCode': 'f7f7f7', 'baseColor': 'blanc'}, {'title': 'Gris Solar', 'carColorCombinationId': 'pspc0054', 'hexCode': 'c7cbcb', 'baseColor': 'gris'}], 'year': 0, 'carReservationEnabled': False, 'numberOfDoors': 3, 'energyLabelLocal': 'D', 'fuelTypeLocal': 'Essence', 'fuelTypeOriginal': 'Petrol', 'transmissionType': 'Manuelle', 'transmissionTypeOriginal': 'Manual', 'drivenMileage': 0, 'bodyType': 'Fourgon', 'bodyTypeOriginal': 'Van', 'videos': [], 'imaginKey': '?make=ford&modelFamily=transit-courier&modelRange=transit-courier&modelVariant=cv&modelYear=2024&powerTrain=electric&transmission=0&bodySize=4&trim=eu', 'totalLeasePriceExcVat': 13992, 'totalLeasePriceIncVat': 13992, 'isUsed': False, 'vehicleType': 'Configurable', 'state': 'New', 'vehicleSource': 'Default', 'co2': 148, 'isRemarketing': False, 'id': '163582', 'make': 'Ford', 'model': 'Transit Courier', 'trimline': '1.0 EcoBoost 100ch Ambiente', 'isConfigurable': True, 'segments': ['Business'], 'isCategory': False, 'categoryVehicleImages': []}","[{'offering': 'Offres spéciales VU', 'count': 1}]","[{'state': 'New', 'count': 1}]",False,True
Peugeot,208,Autre,1,{'options': {'isStretched': False}},"{'duration': 48, 'mileage': 15000, 'originalPrice': 249, 'originalPriceIncVat': 249, 'discountedPrice': 249, 'discountedPriceIncVat': 249, 'defaultWithVat': False, 'isCommercial': True, 'currency': 'EUR', 'stock': 0, 'offerings': ['Offres spéciales VU'], 'image': {'options': {'isStretched': False}}, 'source': 'Tentacle', 'colors': [{'title': 'Noir', 'carColorCombinationId': 'pspc0004', 'hexCode': '545453', 'baseColor': 'noir'}, {'title': 'Blanc', 'carColorCombinationId': 'pspc0041', 'hexCode': 'f7f7f7', 'baseColor': 'gris'}], 'year': 0, 'carReservationEnabled': False, 'numberOfDoors': 5, 'energyLabelLocal': 'B', 'fuelTypeLocal': 'Essence', 'fuelTypeOriginal': 'Petrol', 'transmissionType': 'Manuelle', 'transmissionTypeOriginal': 'Manual', 'drivenMileage': 0, 'bodyType': 'Autre', 'bodyTypeOriginal': 'Other', 'videos': [], 'imaginKey': '?make=peugeot&modelFamily=208&modelRange=208&modelVariant=ha&modelYear=2024&powerTrain=electric&transmission=0&bodySize=5&trim=active', 'totalLeasePriceExcVat': 14952, 'totalLeasePriceIncVat': 14952, 'isUsed': False, 'vehicleType': 'Configurable', 'power': '100.0', 'state': 'New', 'vehicleSource': 'Default', 'co2': 118, 'isRemarketing': False, 'id': '152901', 'make': 'Peugeot', 'model': '208', 'trimline': 'Business R II 1.2 100ch S&S', 'isConfigurable': True, 'segments': ['Business'], 'isCategory': False, 'categoryVehicleImages': []}","[{'offering': 'Offres spéciales VU', 'count': 1}]","[{'state': 'New', 'count': 1}]",False,True
Ford,Transit Custom L1h1 280,Fourgon,1,{'options': {'isStretched': False}},"{'duration': 48, 'mileage': 15000, 'originalPrice': 329, 'originalPriceIncVat': 329, 'discountedPrice': 329, 'discountedPriceIncVat': 329, 'defaultWithVat': False, 'isCommercial': True, 'currency': 'EUR', 'stock': 0, 'offerings': ['Offres spéciales VU'], 'image': {'options': {'isStretched': False}}, 'source': 'Tentacle', 'colors': [{'title': 'Blanc Glacier', 'carColorCombinationId': 'pspc0041', 'hexCode': 'f7f7f7', 'baseColor': 'gris'}, {'title': 'Noir Agate', 'carColorCombinationId': 'pspc0006sspc0004', 'hexCode': '4b5159', 'baseColor': 'noir'}, {'title': 'Gris Magnétique', 'carColorCombinationId': 'pspc0055', 'hexCode': 'b4bcbe', 'baseColor': 'bleu'}], 'year': 0, 'carReservationEnabled': False, 'numberOfDoors': 2, 'energyLabelLocal': 'E', 'fuelTypeLocal': 'Diesel', 'fuelTypeOriginal': 'Diesel', 'transmissionType': 'Manuelle', 'transmissionTypeOriginal': 'Manual', 'drivenMileage': 0, 'bodyType': 'Fourgon', 'bodyTypeOriginal': 'Van', 'videos': [], 'imaginKey': '?make=ford&modelFamily=transit-custom&modelRange=transit-custom&modelVariant=pv&modelYear=2023&powerTrain=hybrid&transmission=0&bodySize=4&trim=eu', 'totalLeasePriceExcVat': 18792, 'totalLeasePriceIncVat': 18792, 'isUsed': False, 'vehicleType': 'Configurable', 'power': '110.0', 'state': 'New', 'vehicleSource': 'Default', 'co2': 184, 'isRemarketing': False, 'id': '163637', 'make': 'Ford', 'model': 'Transit Custom L1h1 280', 'trimline': '2.0 EcoBlue 110 ch BVM6 Ambiente', 'isConfigurable': True, 'segments': ['Business'], 'isCategory': False, 'categoryVehicleImages': []}","[{'offering': 'Offres spéciales VU', 'count': 1}]","[{'state': 'New', 'count': 1}]",False,True
Kia,Ceed,Berline à hayon,1,{'options': {'isStretched': False}},"{'duration': 48, 'mileage': 15000, 'originalPrice': 329, 'originalPriceIncVat': 329, 'discountedPrice': 329, 'discountedPriceIncVat': 329, 'defaultWithVat': True, 'isCommercial': False, 'currency': 'EUR', 'stock': 0, 'offerings': ['Meilleures offres'], 'image': {'options': {'isStretched': False}}, 'source': 'Tentacle', 'colors': [{'title': 'Noir Basalte', 'carColorCombinationId': 'pspc0004', 'hexCode': '545453', 'baseColor': 'noir'}, {'title': 'Blanc', 'carColorCombinationId': 'pspc0259', 'hexCode': 'e9e9e8', 'baseColor': 'blanc'}, {'title': 'Gris', 'carColorCombinationId': 'pspc0283', 'hexCode': 'b7babe', 'baseColor': 'gris'}, {'title': 'Vert Bornéo', 'carColorCombinationId': 'pspc0191', 'hexCode': 'b2b9a4', 'baseColor': 'vert'}], 'year': 0, 'carReservationEnabled': False, 'numberOfDoors': 5, 'energyLabelLocal': 'C', 'fuelTypeLocal': 'Essence', 'fuelTypeOriginal': 'Petrol', 'transmissionType': 'Manuelle', 'transmissionTypeOriginal': 'Manual', 'drivenMileage': 0, 'bodyType': 'Berline à hayon', 'bodyTypeOriginal': 'Hatchback', 'videos': [], 'imaginKey': '?make=kia&modelFamily=ceed&modelRange=ceed&modelVariant=ha&modelYear=2022&powerTrain=petrol&transmission=0&bodySize=5&trim=eu', 'totalLeasePriceExcVat': 18792, 'totalLeasePriceIncVat': 18792, 'isUsed': False, 'vehicleType': 'PreConfigured', 'state': 'New', 'vehicleSource': 'Default', 'co2': 127, 'isRemarketing': False, 'id': '161382', 'make': 'Kia', 'model': 'Ceed', 'trimline': '1.0 T-GDi Active Business BVM6 4x2', 'isConfigurable': False, 'segments': ['Business'], 'isCategory': False, 'categoryVehicleImages': []}","[{'offering': 'Meilleures offres', 'count': 1}]","[{'state': 'New', 'count': 1}]",False,True
Renault,Trafic Van,Fourgon,1,{'options': {'isStretched': False}},"{'duration': 48, 'mileage': 15000, 'originalPrice': 369, 'originalPriceIncVat': 369, 'discountedPrice': 369, 'discountedPriceIncVat': 369, 'defaultWithVat': False, 'isCommercial': True, 'currency': 'EUR', 'stock': 0, 'offerings': ['Offres spéciales VU'], 'image': {'options': {'isStretched': False}}, 'source': 'Tentacle', 'colors': [{'title': 'Blanc Glacier', 'carColorCombinationId': 'pspc0101', 'hexCode': 'f7f7f7', 'baseColor': 'blanc'}, {'title': 'Gris Urbain', 'carColorCombinationId': 'pspc0082', 'hexCode': 'b3b6b0', 'baseColor': 'gris'}, {'title': 'Noir Crépuscule', 'carColorCombinationId': 'pspc0004', 'hexCode': '545453', 'baseColor': 'noir'}], 'year': 0, 'carReservationEnabled': False, 'numberOfDoors': 2, 'energyLabelLocal': 'E', 'fuelTypeLocal': 'Diesel', 'fuelTypeOriginal': 'Diesel', 'transmissionType': 'Manuelle', 'transmissionTypeOriginal': 'Manual', 'drivenMileage': 0, 'bodyType': 'Fourgon', 'bodyTypeOriginal': 'Van', 'videos': [], 'imaginKey': '?make=renault&modelFamily=trafic&modelRange=trafic&modelVariant=pv&modelYear=2024&powerTrain=electric&transmission=0&bodySize=l2h1&trim=eu', 'totalLeasePriceExcVat': 20712, 'totalLeasePriceIncVat': 20712, 'isUsed': False, 'vehicleType': 'Configurable', 'power': '110.0', 'state': 'New', 'vehicleSource': 'Default', 'co2': 182, 'isRemarketing': False, 'id': '163636', 'make': 'Renault', 'model': 'Trafic Van', 'trimline': 'Fourgon L1H1 3T Advance Blue dCi 110', 'isConfigurable': True, 'segments': ['Business'], 'isCategory': False, 'categoryVehicleImages': []}","[{'offering': 'Offres spéciales VU', 'count': 1}]","[{'state': 'New', 'count': 1}]",False,True
Renault,R5,Berline à hayon,1,{'options': {'isStretched': False}},"{'duration': 48, 'mileage': 15000, 'originalPrice': 389, 'originalPriceIncVat': 389, 'discountedPrice': 389, 'discountedPriceIncVat': 389, 'defaultWithVat': True, 'isCommercial': False, 'currency': 'EUR', 'stock': 0, 'offerings': ['Meilleures offres'], 'image': {'options': {'isStretched': False}}, 'source': 'Tentacle', 'colors': [{'title': 'Jaune Pop', 'carColorCombinationId': 'pspc0220sspc0004', 'hexCode': 'e3d374', 'baseColor': 'jaune'}, {'title': 'Vert Pop', 'carColorCombinationId': 'pspc0325', 'hexCode': '8bc992', 'baseColor': 'vert'}, {'title': 'Noir', 'carColorCombinationId': 'pspc0004', 'hexCode': '545453', 'baseColor': 'noir'}, {'title': 'Blanc', 'carColorCombinationId': 'pspc0099sspc0004', 'hexCode': 'f7f6f6', 'baseColor': 'argent'}], 'year': 0, 'carReservationEnabled': False, 'numberOfDoors': 5, 'energyLabelLocal': 'A', 'fuelTypeLocal': 'Électrique', 'fuelTypeOriginal': 'Electric', 'transmissionType': 'Automatique', 'transmissionTypeOriginal': 'Automatic', 'drivenMileage': 0, 'bodyType': 'Berline à hayon', 'bodyTypeOriginal': 'Hatchback', 'videos': [], 'imaginKey': '?make=renault&modelFamily=r5&modelRange=r5&modelYear=0&transmission=0', 'totalLeasePriceExcVat': 21672, 'totalLeasePriceIncVat': 21672, 'isUsed': False, 'vehicleType': 'PreConfigured', 'state': 'New', 'vehicleSource': 'Default', 'isRemarketing': False, 'id': '169044', 'make': 'Renault', 'model': 'R5', 'trimline': 'E-Tech Electrique 120ch Evolution autonomie urbaine', 'isConfigurable': False, 'segments': ['Business'], 'isCategory': False, 'categoryVehicleImages': []}","[{'offering': 'Meilleures offres', 'count': 1}]","[{'state': 'New', 'count': 1}]",False,True
Hyundai,Tucson,SUV,1,{'options': {'isStretched': False}},"{'duration': 48, 'mileage': 15000, 'originalPrice': 399, 'originalPriceIncVat': 399, 'discountedPrice': 399, 'discountedPriceIncVat': 399, 'defaultWithVat': True, 'isCommercial': False, 'currency': 'EUR', 'stock': 0, 'offerings': ['Meilleures offres'], 'image': {'options': {'isStretched': False}}, 'source': 'Tentacle', 'colors': [{'title': 'Ultimate red', 'carColorCombinationId': 'pspc0214', 'hexCode': 'a95f5e', 'baseColor': 'rouge'}, {'title': 'Abyss Black', 'carColorCombinationId': 'pspc0234', 'hexCode': '505877', 'baseColor': 'bleu'}, {'title': 'Ecotronic gray', 'carColorCombinationId': 'pspc0023', 'hexCode': '95a5ac', 'baseColor': 'bleu'}, {'title': 'Serenity White', 'carColorCombinationId': 'pspc0041sspc0129', 'hexCode': 'f7f7f7', 'baseColor': 'gris'}, {'title': 'Shimmering Silver', 'carColorCombinationId': 'pspc0056sspc0209', 'hexCode': 'f4f6f7', 'baseColor': 'argent'}], 'year': 0, 'carReservationEnabled': False, 'numberOfDoors': 5, 'energyLabelLocal': 'C', 'fuelTypeLocal': 'Hybride Essence', 'fuelTypeOriginal': 'HybridPetrol', 'transmissionType': 'Automatique', 'transmissionTypeOriginal': 'Automatic', 'drivenMileage': 0, 'bodyType': 'SUV', 'bodyTypeOriginal': 'SUV', 'engineDisplacement': 1598, 'videos': [], 'imaginKey': '?make=hyundai&modelFamily=tucson&modelRange=tucson&modelVariant=od&modelYear=2024&powerTrain=hybrid&transmission=0&bodySize=5&trim=eu', 'totalLeasePriceExcVat': 22152, 'totalLeasePriceIncVat': 22152, 'isUsed': False, 'vehicleType': 'PreConfigured', 'motorPower': '215.00', 'state': 'New', 'vehicleSource': 'Default', 'co2': 129, 'isRemarketing': False, 'id': '160195', 'make': 'Hyundai', 'model': 'Tucson', 'trimline': 'Intuitive 1.6 T-GDI 215ch Hybrid BVA6', 'isConfigurable': False, 'segments': ['Business'], 'isCategory': False, 'categoryVehicleImages': []}","[{'offering': 'Meilleures offres', 'count': 1}]","[{'state': 'New', 'count': 1}]",False,True
Smart,#1,SUV,1,{'options': {'isStretched': False}},"{'duration': 48, 'mileage': 15000, 'originalPrice': 399, 'originalPriceIncVat': 399, 'discountedPrice': 399, 'discountedPriceIncVat': 399, 'defaultWithVat': True, 'isCommercial': False, 'currency': 'EUR', 'stock': 0, 'offerings': ['Meilleures offres'], 'image': {'options': {'isStretched': False}}, 'source': 'Tentacle', 'colors': [{'title': 'Gris Cyber', 'carColorCombinationId': 'pspc0388sspc0004', 'hexCode': 'cfccca', 'baseColor': 'gris'}, {'title': 'Rouge Laser', 'carColorCombinationId': 'pspc0138sspc0004', 'hexCode': 'f36a57', 'baseColor': 'rouge'}, {'title': 'Noir Carbone', 'carColorCombinationId': 'pspc0004sspc0058', 'hexCode': '545453', 'baseColor': 'noir'}], 'year': 0, 'carReservationEnabled': False, 'numberOfDoors': 5, 'energyLabelLocal': 'A', 'fuelTypeLocal': 'Électrique', 'fuelTypeOriginal': 'Electric', 'transmissionType': 'Automatique', 'transmissionTypeOriginal': 'Automatic', 'drivenMileage': 0, 'bodyType': 'SUV', 'bodyTypeOriginal': 'SUV', 'videos': [], 'totalLeasePriceExcVat': 22152, 'totalLeasePriceIncVat': 22152, 'isUsed': False, 'vehicleType': 'PreConfigured', 'state': 'New', 'vehicleSource': 'Default', 'isRemarketing': False, 'id': '163283', 'make': 'Smart', 'model': '#1', 'trimline': '272ch 49kWh 7,4kW Pure', 'isConfigurable': False, 'segments': ['Business'], 'isCategory': False, 'categoryVehicleImages': []}","[{'offering': 'Meilleures offres', 'count': 1}]","[{'state': 'New', 'count': 1}]",False,True
Ford,Kuga,SUV,1,{'options': {'isStretched': False}},"{'duration': 48, 'mileage': 15000, 'originalPrice': 429, 'originalPriceIncVat': 429, 'discountedPrice': 429, 'discountedPriceIncVat': 429, 'defaultWithVat': True, 'isCommercial': False, 'currency': 'EUR', 'stock': 0, 'offerings': ['Meilleures offres'], 'image': {'options': {'isStretched': False}}, 'source': 'Tentacle', 'colors': [{'title': 'Gris Solar', 'carColorCombinationId': 'pspc0054', 'hexCode': 'c7cbcb', 'baseColor': 'gris'}, {'title': 'Bleu Island', 'carColorCombinationId': 'pspc0188', 'hexCode': '648bbf', 'baseColor': 'bleu'}, {'title': 'Blanc Glacier', 'carColorCombinationId': 'pspc0041', 'hexCode': 'f7f7f7', 'baseColor': 'gris'}, {'title': 'Vert Bursting', 'carColorCombinationId': 'pspc0325', 'hexCode': '8bc992', 'baseColor': 'vert'}, {'title': 'Noir Agate', 'carColorCombinationId': 'pspc0078', 'hexCode': 'b0b3b7', 'baseColor': 'gris'}], 'year': 0, 'carReservationEnabled': False, 'numberOfDoors': 5, 'energyLabelLocal': 'B', 'fuelTypeLocal': 'Hybride Essence', 'fuelTypeOriginal': 'HybridPetrol', 'transmissionType': 'Automatique', 'transmissionTypeOriginal': 'Automatic', 'drivenMileage': 0, 'bodyType': 'SUV', 'bodyTypeOriginal': 'SUV', 'videos': [], 'imaginKey': '?make=ford&modelFamily=kuga&modelRange=kuga&modelVariant=od&modelYear=2025&powerTrain=hybrid&transmission=0&bodySize=5&trim=eu', 'totalLeasePriceExcVat': 23592, 'totalLeasePriceIncVat': 23592, 'isUsed': False, 'vehicleType': 'PreConfigured', 'state': 'New', 'vehicleSource': 'Default', 'isRemarketing': False, 'id': '162954', 'make': 'Ford', 'model': 'Kuga', 'trimline': '2.5 Duratec 180ch Hybrid FlexiFuel E85 Titanium Powershift', 'isConfigurable': False, 'segments': ['Business'], 'isCategory': False, 'categoryVehicleImages': []}","[{'offering': 'Meilleures offres', 'count': 1}]","[{'state': 'New', 'count': 1}]",False,True
Volvo,EX30,SUV,1,{'options': {'isStretched': False}},"{'duration': 48, 'mileage': 15000, 'originalPrice': 429, 'originalPriceIncVat': 429, 'discountedPrice': 429, 'discountedPriceIncVat': 429, 'defaultWithVat': True, 'isCommercial': False, 'currency': 'EUR', 'stock': 0, 'offerings': ['Meilleures offres'], 'image': {'options': {'isStretched': False}}, 'source': 'Tentacle', 'colors': [{'title': 'Noir onyx', 'carColorCombinationId': 'pspc0004sspc0112', 'hexCode': '545453', 'baseColor': 'noir'}, {'title': 'Gris Brume', 'carColorCombinationId': 'pspc0145', 'hexCode': 'c1c5ca', 'baseColor': 'gris'}, {'title': 'Blanc Cristal', 'carColorCombinationId': 'pspc0041', 'hexCode': 'f7f7f7', 'baseColor': 'gris'}, {'title': 'Bleu nuage', 'carColorCombinationId': 'pspc0223sspc0004', 'hexCode': 'cfd8df', 'baseColor': 'bleu'}], 'year': 0, 'carReservationEnabled': False, 'numberOfDoors': 5, 'energyLabelLocal': 'A', 'fuelTypeLocal': 'Électrique', 'fuelTypeOriginal': 'Electric', 'transmissionType': 'Automatique', 'transmissionTypeOriginal': 'Automatic', 'drivenMileage': 0, 'bodyType': 'SUV', 'bodyTypeOriginal': 'SUV', 'videos': [], 'totalLeasePriceExcVat': 23592, 'totalLeasePriceIncVat': 23592, 'isUsed': False, 'vehicleType': 'PreConfigured', 'wltpRange': '337', 'state': 'New', 'vehicleSource': 'Default', 'isRemarketing': False, 'id': '150534', 'make': 'Volvo', 'model': 'EX30', 'trimline': 'Single Start', 'isConfigurable': False, 'segments': ['Business'], 'isCategory': False, 'categoryVehicleImages': []}","[{'offering': 'Meilleures offres', 'count': 1}]","[{'state': 'New', 'count': 1}]",False,True
Renault,Austral,SUV,1,{'options': {'isStretched': False}},"{'duration': 48, 'mileage': 15000, 'originalPrice': 449, 'originalPriceIncVat': 449, 'discountedPrice': 449, 'discountedPriceIncVat': 449, 'defaultWithVat': True, 'isCommercial': False, 'currency': 'EUR', 'stock': 0, 'offerings': ['Meilleures offres'], 'image': {'options': {'isStretched': False}}, 'source': 'Tentacle', 'colors': [{'title': 'Bleu Iron', 'carColorCombinationId': 'pspc0047sspc0004', 'hexCode': '7fa3da', 'baseColor': 'bleu'}, {'title': 'Rouge Flamme', 'carColorCombinationId': 'pspc0033', 'hexCode': 'c25659', 'baseColor': 'rouge'}, {'title': 'Gris Schiste', 'carColorCombinationId': 'pspc0202', 'hexCode': 'b8bdbe', 'baseColor': 'gris'}, {'title': 'Noir Etoilé', 'carColorCombinationId': 'pspc0004sspc0112', 'hexCode': '545453', 'baseColor': 'noir'}, {'title': 'Blanc Nacré', 'carColorCombinationId': 'pspc0041', 'hexCode': 'f7f7f7', 'baseColor': 'gris'}], 'year': 0, 'carReservationEnabled': False, 'numberOfDoors': 5, 'energyLabelLocal': 'C', 'fuelTypeLocal': 'Hybride Essence', 'fuelTypeOriginal': 'HybridPetrol', 'transmissionType': 'Manuelle', 'transmissionTypeOriginal': 'Manual', 'drivenMileage': 0, 'bodyType': 'SUV', 'bodyTypeOriginal': 'SUV', 'engineDisplacement': 1199, 'videos': [], 'totalLeasePriceExcVat': 24552, 'totalLeasePriceIncVat': 24552, 'isUsed': False, 'vehicleType': 'PreConfigured', 'power': '130.0', 'state': 'New', 'vehicleSource': 'Default', 'co2': 121, 'isRemarketing': False, 'id': '162955', 'make': 'Renault', 'model': 'Austral', 'trimline': '1.2 TCe Mild Hybrid Advanced 130ch Evolution', 'isConfigurable': False, 'segments': ['Business'], 'isCategory': False, 'categoryVehicleImages': []}","[{'offering': 'Meilleures offres', 'count': 1}]","[{'state': 'New', 'count': 1}]",False,True
Smart,#3,SUV,1,{'options': {'isStretched': False}},"{'duration': 48, 'mileage': 15000, 'originalPrice': 449, 'originalPriceIncVat': 449, 'discountedPrice': 449, 'discountedPriceIncVat': 449, 'defaultWithVat': True, 'isCommercial': False, 'currency': 'EUR', 'stock': 0, 'offerings': ['Meilleures offres'], 'image': {'options': {'isStretched': False}}, 'source': 'Tentacle', 'colors': [{'title': 'Gris Atome', 'carColorCombinationId': 'pspc0156', 'hexCode': 'a59e9f', 'baseColor': 'gris'}, {'title': 'Orange Photon', 'carColorCombinationId': 'pspc0085', 'hexCode': 'e19666', 'baseColor': 'orange'}, {'title': 'Noir Carbone', 'carColorCombinationId': 'pspc0004sspc0304', 'hexCode': '545453', 'baseColor': 'noir'}], 'year': 0, 'carReservationEnabled': False, 'numberOfDoors': 5, 'energyLabelLocal': 'A', 'fuelTypeLocal': 'Électrique', 'fuelTypeOriginal': 'Electric', 'transmissionType': 'Automatique', 'transmissionTypeOriginal': 'Automatic', 'drivenMileage': 0, 'bodyType': 'SUV', 'bodyTypeOriginal': 'SUV', 'videos': [], 'totalLeasePriceExcVat': 24552, 'totalLeasePriceIncVat': 24552, 'isUsed': False, 'vehicleType': 'PreConfigured', 'state': 'New', 'vehicleSource': 'Default', 'isRemarketing': False, 'id': '163286', 'make': 'Smart', 'model': '#3', 'trimline': '272ch 49kWh Pro', 'isConfigurable': False, 'segments': ['Business'], 'isCategory': False, 'categoryVehicleImages': []}","[{'offering': 'Meilleures offres', 'count': 1}]","[{'state': 'New', 'count': 1}]",False,True
Citroën,C5 Aircross,SUV,1,{'options': {'isStretched': False}},"{'duration': 48, 'mileage': 15000, 'originalPrice': 459, 'originalPriceIncVat': 459, 'discountedPrice': 459, 'discountedPriceIncVat': 459, 'defaultWithVat': True, 'isCommercial': False, 'currency': 'EUR', 'stock': 0, 'offerings': ['Meilleures offres'], 'image': {'options': {'isStretched': False}}, 'source': 'Tentacle', 'colors': [{'title': 'Noir Perla Nera', 'carColorCombinationId': 'pspc0004', 'hexCode': '545453', 'baseColor': 'noir'}, {'title': 'Blanc Oket', 'carColorCombinationId': 'pspc0259', 'hexCode': 'e9e9e8', 'baseColor': 'blanc'}, {'title': 'Bleu Eclipse', 'carColorCombinationId': 'pspc0123sspc0004', 'hexCode': '5b7fa3', 'baseColor': 'bleu'}, {'title': 'Gris Platinium', 'carColorCombinationId': 'pspc0200sspc0004', 'hexCode': '7a7d7c', 'baseColor': 'gris'}], 'year': 0, 'carReservationEnabled': False, 'numberOfDoors': 5, 'energyLabelLocal': 'D', 'fuelTypeLocal': 'Essence', 'fuelTypeOriginal': 'Petrol', 'transmissionType': 'Manuelle', 'transmissionTypeOriginal': 'Manual', 'drivenMileage': 0, 'bodyType': 'SUV', 'bodyTypeOriginal': 'SUV', 'videos': [], 'imaginKey': '?make=citroen&modelFamily=c5-aircross&modelRange=c5-aircross&modelVariant=od&modelYear=2022&powerTrain=hybrid&transmission=0&bodySize=5&trim=eu', 'totalLeasePriceExcVat': 25032, 'totalLeasePriceIncVat': 25032, 'isUsed': False, 'vehicleType': 'PreConfigured', 'power': '130.0', 'state': 'New', 'vehicleSource': 'Default', 'co2': 142, 'isRemarketing': False, 'id': '161389', 'make': 'Citroën', 'model': 'C5 Aircross', 'trimline': '1.2 Hybride 136ch Business BVA', 'isConfigurable': False, 'segments': ['Business'], 'isCategory': False, 'categoryVehicleImages': []}","[{'offering': 'Meilleures offres', 'count': 1}]","[{'state': 'New', 'count': 1}]",False,True
Kia,EV6,SUV,1,{'options': {'isStretched': False}},"{'duration': 48, 'mileage': 15000, 'originalPrice': 479, 'originalPriceIncVat': 479, 'discountedPrice': 479, 'discountedPriceIncVat': 479, 'defaultWithVat': True, 'isCommercial': False, 'currency': 'EUR', 'stock': 0, 'offerings': ['Meilleures offres'], 'image': {'options': {'isStretched': False}}, 'source': 'Tentacle', 'colors': [{'title': 'Rouge Magma', 'carColorCombinationId': 'pspc0138', 'hexCode': 'f36a57', 'baseColor': 'rouge'}, {'title': 'Noir Ebene', 'carColorCombinationId': 'pspc0004', 'hexCode': '545453', 'baseColor': 'noir'}, {'title': 'Blanc Glacier', 'carColorCombinationId': 'pspc0100', 'hexCode': 'f7f7f7', 'baseColor': 'blanc'}, {'title': 'Bleu Pacifique', 'carColorCombinationId': 'pspc0188', 'hexCode': '648bbf', 'baseColor': 'bleu'}, {'title': 'Gris Cosmique', 'carColorCombinationId': 'pspc0186', 'hexCode': '62626b', 'baseColor': 'noir'}], 'year': 0, 'carReservationEnabled': False, 'numberOfDoors': 5, 'energyLabelLocal': 'A', 'fuelTypeLocal': 'Électrique', 'fuelTypeOriginal': 'Electric', 'transmissionType': 'Automatique', 'transmissionTypeOriginal': 'Automatic', 'drivenMileage': 0, 'bodyType': 'SUV', 'bodyTypeOriginal': 'SUV', 'videos': [], 'totalLeasePriceExcVat': 25992, 'totalLeasePriceIncVat': 25992, 'isUsed': False, 'vehicleType': 'PreConfigured', 'state': 'New', 'vehicleSource': 'Default', 'isRemarketing': False, 'id': '163288', 'make': 'Kia', 'model': 'EV6', 'trimline': '170ch Air Active 2WD', 'isConfigurable': False, 'segments': ['Business'], 'isCategory': False, 'categoryVehicleImages': []}","[{'offering': 'Meilleures offres', 'count': 1}]","[{'state': 'New', 'count': 1}]",False,True
Kia,Sportage,SUV,1,{'options': {'isStretched': False}},"{'duration': 48, 'mileage': 15000, 'originalPrice': 489, 'originalPriceIncVat': 489, 'discountedPrice': 489, 'discountedPriceIncVat': 489, 'defaultWithVat': True, 'isCommercial': False, 'currency': 'EUR', 'stock': 0, 'offerings': ['Meilleures offres'], 'image': {'options': {'isStretched': False}}, 'source': 'Tentacle', 'colors': [{'title': 'Rouge Rubis', 'carColorCombinationId': 'pspc0091', 'hexCode': 'e0666e', 'baseColor': 'rouge'}, {'title': 'Gris Perle', 'carColorCombinationId': 'pspc0027', 'hexCode': 'a0a3ad', 'baseColor': 'gris'}, {'title': 'Vert Bornéo', 'carColorCombinationId': 'pspc0191', 'hexCode': 'b2b9a4', 'baseColor': 'vert'}, {'title': 'Gris Eclipse', 'carColorCombinationId': 'pspc0186', 'hexCode': '62626b', 'baseColor': 'noir'}, {'title': 'Noir Basalte', 'carColorCombinationId': 'pspc0004', 'hexCode': '545453', 'baseColor': 'noir'}], 'year': 0, 'carReservationEnabled': False, 'numberOfDoors': 5, 'energyLabelLocal': 'D', 'fuelTypeLocal': 'Essence', 'fuelTypeOriginal': 'Petrol', 'transmissionType': 'Manuelle', 'transmissionTypeOriginal': 'Manual', 'drivenMileage': 0, 'bodyType': 'SUV', 'bodyTypeOriginal': 'SUV', 'videos': [], 'imaginKey': '?make=kia&modelFamily=sportage&modelRange=sportage&modelVariant=od&modelYear=2022&powerTrain=hybrid&transmission=0&bodySize=5&trim=gt-line', 'totalLeasePriceExcVat': 26472, 'totalLeasePriceIncVat': 26472, 'isUsed': False, 'vehicleType': 'PreConfigured', 'power': '160.0', 'state': 'New', 'vehicleSource': 'Default', 'co2': 147, 'isRemarketing': False, 'id': '162940', 'make': 'Kia', 'model': 'Sportage', 'trimline': '1.6 T-GDi 160ch MHEV 30eme Anniversaire', 'isConfigurable': False, 'segments': ['Business'], 'isCategory': False, 'categoryVehicleImages': []}","[{'offering': 'Meilleures offres', 'count': 1}]","[{'state': 'New', 'count': 1}]",False,True
Renault,Espace,Monospace,1,{'options': {'isStretched': False}},"{'duration': 48, 'mileage': 15000, 'originalPrice': 499, 'originalPriceIncVat': 499, 'discountedPrice': 499, 'discountedPriceIncVat': 499, 'defaultWithVat': True, 'isCommercial': False, 'currency': 'EUR', 'stock': 0, 'offerings': ['Meilleures offres'], 'image': {'options': {'isStretched': False}}, 'source': 'Tentacle', 'colors': [{'title': 'Bleu nocturne', 'carColorCombinationId': 'pspc0184sspc0004', 'hexCode': '47485a', 'baseColor': 'noir'}, {'title': 'Blanc Nacré', 'carColorCombinationId': 'pspc0259', 'hexCode': 'e9e9e8', 'baseColor': 'blanc'}, {'title': 'Gris schiste', 'carColorCombinationId': 'pspc0301sspc0004', 'hexCode': '92928d', 'baseColor': 'gris'}, {'title': 'Noir Etoilé', 'carColorCombinationId': 'pspc0004', 'hexCode': '545453', 'baseColor': 'noir'}, {'title': 'Rouge flamme', 'carColorCombinationId': 'pspc0033', 'hexCode': 'c25659', 'baseColor': 'rouge'}], 'year': 0, 'carReservationEnabled': False, 'numberOfDoors': 5, 'energyLabelLocal': 'B', 'fuelTypeLocal': 'Hybride', 'fuelTypeOriginal': 'Hybrid', 'transmissionType': 'Automatique', 'transmissionTypeOriginal': 'Automatic', 'drivenMileage': 0, 'bodyType': 'Monospace', 'bodyTypeOriginal': 'MPV', 'engineDisplacement': 1.2, 'videos': [], 'imaginKey': '?make=renault&modelFamily=espace&modelRange=espace&modelVariant=od&modelYear=2023&powerTrain=hybrid&transmission=0&bodySize=5&trim=esprit-alpine', 'totalLeasePriceExcVat': 26952, 'totalLeasePriceIncVat': 26952, 'isUsed': False, 'vehicleType': 'PreConfigured', 'power': '200.0', 'state': 'New', 'vehicleSource': 'Default', 'co2': 106, 'isRemarketing': False, 'id': '161396', 'make': 'Renault', 'model': 'Espace', 'trimline': '1.2 E-Tech full hybrid 200ch Techno 7 PLACES', 'isConfigurable': False, 'segments': ['Business'], 'isCategory': False, 'categoryVehicleImages': []}","[{'offering': 'Meilleures offres', 'count': 1}]","[{'state': 'New', 'count': 1}]",False,True
Ford,Explorer,SUV,1,{'options': {'isStretched': False}},"{'duration': 48, 'mileage': 15000, 'originalPrice': 539, 'originalPriceIncVat': 539, 'discountedPrice': 539, 'discountedPriceIncVat': 539, 'defaultWithVat': True, 'isCommercial': False, 'currency': 'EUR', 'stock': 0, 'offerings': ['Meilleures offres'], 'image': {'options': {'isStretched': False}}, 'source': 'Tentacle', 'colors': [{'title': 'Blue my mind', 'carColorCombinationId': 'pspc0008', 'hexCode': '72b0ca', 'baseColor': 'bleu'}, {'title': 'Arctic Blue', 'carColorCombinationId': 'pspc0351', 'hexCode': 'afd2da', 'baseColor': 'aqua'}, {'title': 'Frozen white', 'carColorCombinationId': 'pspc0061', 'hexCode': 'f4f5f7', 'baseColor': 'blanc'}, {'title': 'Agate Black', 'carColorCombinationId': 'pspc0006sspc0004', 'hexCode': '4b5159', 'baseColor': 'noir'}, {'title': 'Lucid Red', 'carColorCombinationId': 'pspc0058', 'hexCode': 'e8695c', 'baseColor': 'rouge'}, {'title': 'Magnetic Grey', 'carColorCombinationId': 'pspc0055', 'hexCode': 'b4bcbe', 'baseColor': 'bleu'}], 'year': 0, 'carReservationEnabled': False, 'numberOfDoors': 5, 'energyLabelLocal': 'A', 'fuelTypeLocal': 'Électrique', 'fuelTypeOriginal': 'Electric', 'transmissionType': 'Automatique', 'transmissionTypeOriginal': 'Automatic', 'drivenMileage': 0, 'bodyType': 'SUV', 'bodyTypeOriginal': 'SUV', 'videos': [], 'imaginKey': '?make=ford&modelFamily=explorer&modelRange=explorer&modelVariant=od&modelYear=2024&powerTrain=electric&transmission=0&bodySize=5&trim=eu', 'totalLeasePriceExcVat': 28872, 'totalLeasePriceIncVat': 28872, 'isUsed': False, 'vehicleType': 'PreConfigured', 'state': 'New', 'vehicleSource': 'Default', 'isRemarketing': False, 'id': '161394', 'make': 'Ford', 'model': 'Explorer', 'trimline': 'IV 170ch 52kWh Standard Range RWD', 'isConfigurable': False, 'segments': ['Business'], 'isCategory': False, 'categoryVehicleImages': []}","[{'offering': 'Meilleures offres', 'count': 1}]","[{'state': 'New', 'count': 1}]",False,True
Tesla,Model Y,SUV,1,{'options': {'isStretched': False}},"{'duration': 48, 'mileage': 15000, 'originalPrice': 549, 'originalPriceIncVat': 549, 'discountedPrice': 549, 'discountedPriceIncVat': 549, 'defaultWithVat': True, 'isCommercial': False, 'currency': 'EUR', 'stock': 0, 'offerings': ['Meilleures offres'], 'image': {'options': {'isStretched': False}}, 'source': 'Tentacle', 'colors': [{'title': 'Noir Uni', 'carColorCombinationId': 'pspc0004', 'hexCode': '545453', 'baseColor': 'noir'}, {'title': 'Blanc Nacré', 'carColorCombinationId': 'pspc0100', 'hexCode': 'f7f7f7', 'baseColor': 'blanc'}, {'title': 'Midnight Cherry Red', 'carColorCombinationId': 'pspc0036', 'hexCode': '9f5e6d', 'baseColor': 'aubergine'}, {'title': 'Quicksilver', 'carColorCombinationId': 'pspc0043', 'hexCode': 'dbdbdb', 'baseColor': 'argent'}, {'title': 'Deep Blue', 'carColorCombinationId': 'pspc0123', 'hexCode': '5b7fa3', 'baseColor': 'bleu'}], 'year': 0, 'carReservationEnabled': False, 'numberOfDoors': 5, 'energyLabelLocal': 'A', 'fuelTypeLocal': 'Électrique', 'fuelTypeOriginal': 'Electric', 'transmissionType': 'Automatique', 'transmissionTypeOriginal': 'Automatic', 'drivenMileage': 0, 'bodyType': 'SUV', 'bodyTypeOriginal': 'SUV', 'videos': [], 'imaginKey': '?make=tesla&modelFamily=model-y&modelRange=model-y&modelVariant=od&modelYear=0&transmission=0', 'totalLeasePriceExcVat': 29352, 'totalLeasePriceIncVat': 29352, 'isUsed': False, 'vehicleType': 'PreConfigured', 'state': 'New', 'vehicleSource': 'Default', 'isRemarketing': False, 'id': '160169', 'make': 'Tesla', 'model': 'Model Y', 'trimline': 'RWD 256ch', 'isConfigurable': False, 'segments': ['Business'], 'isCategory': False, 'categoryVehicleImages': []}","[{'offering': 'Meilleures offres', 'count': 1}]","[{'state': 'New', 'count': 1}]",False,True
BYD,SEAL U,SUV,1,{'options': {'isStretched': False}},"{'duration': 48, 'mileage': 15000, 'originalPrice': 599, 'originalPriceIncVat': 599, 'discountedPrice': 599, 'discountedPriceIncVat': 599, 'defaultWithVat': True, 'isCommercial': False, 'currency': 'EUR', 'stock': 0, 'offerings': ['Meilleures offres'], 'image': {'options': {'isStretched': False}}, 'source': 'Tentacle', 'colors': [{'title': 'Tian Qing', 'carColorCombinationId': 'pspc0015sspc0263', 'hexCode': 'a1cbe2', 'baseColor': 'bleu'}, {'title': 'Time Gray', 'carColorCombinationId': 'pspc0273', 'hexCode': '909ca3', 'baseColor': 'bleu'}, {'title': 'Rouge Empereur', 'carColorCombinationId': 'pspc0058', 'hexCode': 'e8695c', 'baseColor': 'rouge'}, {'title': 'Boundless cloud', 'carColorCombinationId': 'pspc0082', 'hexCode': 'b3b6b0', 'baseColor': 'gris'}, {'title': 'Snow White', 'carColorCombinationId': 'pspc0101', 'hexCode': 'f7f7f7', 'baseColor': 'blanc'}, {'title': 'Delan Black', 'carColorCombinationId': 'pspc0004', 'hexCode': '545453', 'baseColor': 'noir'}], 'year': 2024, 'carReservationEnabled': False, 'numberOfDoors': 5, 'energyLabelLocal': 'A', 'fuelTypeLocal': 'Électrique', 'fuelTypeOriginal': 'Electric', 'transmissionType': 'Automatique', 'transmissionTypeOriginal': 'Automatic', 'drivenMileage': 0, 'bodyType': 'SUV', 'bodyTypeOriginal': 'SUV', 'engineDisplacement': 0, 'videos': [], 'imaginKey': '?make=byd&modelFamily=seal-u&modelRange=seal-u&modelVariant=od&modelYear=2025&powerTrain=electric&transmission=0&bodySize=5&trim=eu', 'totalLeasePriceExcVat': 31752, 'totalLeasePriceIncVat': 31752, 'isUsed': False, 'vehicleType': 'PreConfigured', 'motorPower': '218.00', 'state': 'New', 'vehicleSource': 'Default', 'co2': 0, 'isRemarketing': False, 'id': '162956', 'make': 'BYD', 'model': 'SEAL U', 'trimline': '218ch - 87 kWh Design', 'isConfigurable': False, 'segments': ['Business'], 'isCategory': False, 'categoryVehicleImages': []}","[{'offering': 'Meilleures offres', 'count': 1}]","[{'state': 'New', 'count': 1}]",False,True
Kia,EV9,SUV,1,{'options': {'isStretched': False}},"{'duration': 48, 'mileage': 15000, 'originalPrice': 959, 'originalPriceIncVat': 959, 'discountedPrice': 959, 'discountedPriceIncVat': 959, 'defaultWithVat': True, 'isCommercial': False, 'currency': 'EUR', 'stock': 0, 'offerings': ['Meilleures offres'], 'image': {'options': {'isStretched': False}}, 'source': 'Tentacle', 'colors': [{'title': 'Bleu Océan', 'carColorCombinationId': 'pspc0008', 'hexCode': '72b0ca', 'baseColor': 'bleu'}, {'title': 'Vert Iceberg', 'carColorCombinationId': 'pspc0355', 'hexCode': '89adb7', 'baseColor': 'aqua'}, {'title': 'Noir Ebene', 'carColorCombinationId': 'pspc0004', 'hexCode': '545453', 'baseColor': 'noir'}, {'title': 'Blanc Nacré', 'carColorCombinationId': 'pspc0100', 'hexCode': 'f7f7f7', 'baseColor': 'blanc'}, {'title': 'Rouge Volcan', 'carColorCombinationId': 'pspc0033', 'hexCode': 'c25659', 'baseColor': 'rouge'}], 'year': 0, 'carReservationEnabled': False, 'numberOfDoors': 5, 'energyLabelLocal': 'A', 'fuelTypeLocal': 'Électrique', 'fuelTypeOriginal': 'Electric', 'transmissionType': 'Automatique', 'transmissionTypeOriginal': 'Automatic', 'drivenMileage': 0, 'bodyType': 'SUV', 'bodyTypeOriginal': 'SUV', 'videos': [], 'totalLeasePriceExcVat': 49032, 'totalLeasePriceIncVat': 49032, 'isUsed': False, 'vehicleType': 'PreConfigured', 'state': 'New', 'vehicleSource': 'Default', 'isRemarketing': False, 'id': '163143', 'make': 'Kia', 'model': 'EV9', 'trimline': '204ch Earth Business 2WD', 'isConfigurable': False, 'segments': ['Business'], 'isCategory': False, 'categoryVehicleImages': []}","[{'offering': 'Meilleures offres', 'count': 1}]","[{'state': 'New', 'count': 1}]",False,True
Volvo,EX90,SUV,1,{'options': {'isStretched': False}},"{'duration': 48, 'mileage': 15000, 'originalPrice': 1129, 'originalPriceIncVat': 1129, 'discountedPrice': 1129, 'discountedPriceIncVat': 1129, 'defaultWithVat': True, 'isCommercial': False, 'currency': 'EUR', 'stock': 0, 'offerings': ['Meilleures offres'], 'image': {'options': {'isStretched': False}}, 'source': 'Tentacle', 'colors': [{'title': 'Bleu Denim', 'carColorCombinationId': 'pspc0066', 'hexCode': '8b9ebd', 'baseColor': 'bleu'}, {'title': 'Gris Platium', 'carColorCombinationId': 'pspc0080', 'hexCode': '9f9ca4', 'baseColor': 'gris'}, {'title': 'Argent Aurore', 'carColorCombinationId': 'pspc0099', 'hexCode': 'f7f6f6', 'baseColor': 'argent'}, {'title': 'Noir Onyx', 'carColorCombinationId': 'pspc0004sspc0112', 'hexCode': '545453', 'baseColor': 'noir'}, {'title': 'Sable Dune', 'carColorCombinationId': 'pspc0062', 'hexCode': 'ddd4cc', 'baseColor': 'beige'}, {'title': 'Blanc Cristal', 'carColorCombinationId': 'pspc0100', 'hexCode': 'f7f7f7', 'baseColor': 'blanc'}], 'year': 0, 'carReservationEnabled': False, 'numberOfDoors': 5, 'energyLabelLocal': 'A', 'fuelTypeLocal': 'Électrique', 'fuelTypeOriginal': 'Electric', 'transmissionType': 'Automatique', 'transmissionTypeOriginal': 'Automatic', 'drivenMileage': 0, 'bodyType': 'SUV', 'bodyTypeOriginal': 'SUV', 'videos': [], 'totalLeasePriceExcVat': 57192, 'totalLeasePriceIncVat': 57192, 'isUsed': False, 'vehicleType': 'PreConfigured', 'wltpRange': '580', 'state': 'New', 'vehicleSource': 'Default', 'isRemarketing': False, 'id': '163282', 'make': 'Volvo', 'model': 'EX90', 'trimline': 'Single 279ch Start 7 places', 'isConfigurable': False, 'segments': ['Business'], 'isCategory': False, 'categoryVehicleImages': []}","[{'offering': 'Meilleures offres', 'count': 1}]","[{'state': 'New', 'count': 1}]",False,True
Lotus,Eletre,SUV,1,{'options': {'isStretched': False}},"{'duration': 48, 'mileage': 15000, 'originalPrice': 1309, 'originalPriceIncVat': 1309, 'discountedPrice': 1309, 'discountedPriceIncVat': 1309, 'defaultWithVat': True, 'isCommercial': False, 'currency': 'EUR', 'stock': 0, 'offerings': ['Meilleures offres'], 'image': {'options': {'isStretched': False}}, 'source': 'Tentacle', 'colors': [{'title': 'Gris Kaimu', 'carColorCombinationId': 'pspc0289', 'hexCode': 'dfdede', 'baseColor': 'argent'}], 'year': 0, 'carReservationEnabled': False, 'numberOfDoors': 5, 'energyLabelLocal': 'A', 'fuelTypeLocal': 'Électrique', 'fuelTypeOriginal': 'Electric', 'transmissionType': 'Automatique', 'transmissionTypeOriginal': 'Automatic', 'drivenMileage': 0, 'bodyType': 'SUV', 'bodyTypeOriginal': 'SUV', 'marketingCode': 'Limitedstock', 'videos': [], 'imaginKey': '?make=lotus&modelFamily=eletre&modelRange=eletre&modelVariant=od&modelYear=0&transmission=0', 'totalLeasePriceExcVat': 65832, 'totalLeasePriceIncVat': 65832, 'isUsed': False, 'vehicleType': 'PreConfigured', 'state': 'New', 'vehicleSource': 'Default', 'isRemarketing': False, 'id': '169047', 'make': 'Lotus', 'model': 'Eletre', 'trimline': '612ch 450kW', 'isConfigurable': False, 'segments': ['Business'], 'trimLevel': 'Disponible de suite', 'isCategory': False, 'categoryVehicleImages': []}","[{'offering': 'Meilleures offres', 'count': 1}]","[{'state': 'New', 'count': 1}]",False,True
